{"content":[{"id":"615b67bf","settings":{"flex_direction":"row","flex_gap":{"unit":"px","size":0},"min_height":{"unit":"vh","size":58,"sizes":[]},"min_height_tablet":{"unit":"vh","size":"","sizes":[]},"min_height_mobile":{"unit":"vh","size":"","sizes":[]},"flex_justify_content":"center","flex_align_items":"center","boxed_width_tablet":{"unit":"%","size":100,"sizes":[]},"boxed_width_mobile":{"unit":"%","size":"","sizes":[]},"background_background":"classic","background_color":"#00FF3EA1","shape_divider_bottom":"triangle","shape_divider_bottom_color":"#061969","shape_divider_bottom_width":{"unit":"%","size":100,"sizes":[]},"shape_divider_bottom_height":{"unit":"px","size":44,"sizes":[]}},"elements":[{"id":"7bcafae2","settings":{"flex_direction":"column","content_width":"full","width":{"unit":"%","size":25},"flex_gap":{"unit":"%","size":0,"sizes":[]},"flex_gap_tablet":{"unit":"%","size":0,"sizes":[]},"flex_gap_mobile":{"unit":"%","size":"","sizes":[]},"width_tablet":{"unit":"%","size":100,"sizes":[]},"width_mobile":{"unit":"%","size":"","sizes":[]},"min_height":{"unit":"vh","size":40,"sizes":[]},"min_height_tablet":{"unit":"vh","size":46,"sizes":[]},"min_height_mobile":{"unit":"vh","size":"","sizes":[]},"flex_direction_tablet":"column","flex_wrap_tablet":"wrap","background_background":"classic","border_width":{"unit":"px","top":"0","right":"0","bottom":"0","left":"0","isLinked":false},"border_color":"#5603FF","shape_divider_top_height":{"unit":"px","size":34,"sizes":[]},"shape_divider_top_flip":"yes","shape_divider_top_negative":"yes","shape_divider_bottom_height":{"unit":"px","size":49,"sizes":[]},"shape_divider_bottom_flip":"yes","padding":{"unit":"px","top":"15","right":"10","bottom":"015","left":"10","isLinked":false}},"elements":[{"id":"7eed2e1a","settings":{"__dynamic__":{"image":"[elementor-tag id=\"\" name=\"site-logo\" settings=\"%7B%7D\"]","link":"[elementor-tag id=\"\" name=\"site-url\" settings=\"%7B%7D\"]"},"align_mobile":"right"},"elements":[],"isInner":false,"widgetType":"theme-site-logo","elType":"widget"},{"id":"26f560d6","settings":[],"elements":[],"isInner":false,"widgetType":"text-editor","elType":"widget"},{"id":"23b98a6","settings":{"social_icon_list":[{"social_icon":{"value":"fab fa-facebook","library":"fa-brands"},"_id":"2a3bc3e"},{"social_icon":{"value":"fab fa-youtube","library":"fa-brands"},"_id":"4315e6f"},{"social_icon":{"value":"fab fa-pinterest","library":"fa-brands"},"_id":"cd65106"},{"social_icon":{"value":"fab fa-instagram","library":"fa-brands"},"_id":"4f4d4b2"}],"shape":"circle","align":"left","icon_color":"custom","icon_primary_color":"#18A14400","icon_secondary_color":"#196FC5","icon_size":{"unit":"px","size":20,"sizes":[]},"icon_padding":{"unit":"em","size":0.1000000000000000055511151231257827021181583404541015625,"sizes":[]}},"elements":[],"isInner":false,"widgetType":"social-icons","elType":"widget"}],"isInner":false,"elType":"container"},{"id":"6f234c4c","settings":{"flex_direction":"column","content_width":"full","width":{"unit":"%","size":25},"width_tablet":{"unit":"%","size":100,"sizes":[]},"width_mobile":{"unit":"%","size":"","sizes":[]},"min_height":{"unit":"vh","size":30,"sizes":[]},"min_height_tablet":{"unit":"vh","size":"","sizes":[]},"min_height_mobile":{"unit":"vh","size":"","sizes":[]},"border_width":{"unit":"px","top":"0","right":"0","bottom":"0","left":"0","isLinked":false}},"elements":[{"id":"1b3eb8b5","settings":{"title":"Contacts","title_color":"#000000","typography_typography":"custom","typography_font_family":"Poppins","typography_font_weight":"600"},"elements":[],"isInner":false,"widgetType":"heading","elType":"widget"},{"id":"32b7cf79","settings":{"headline_style":"rotate","animation_type":"flip","before_text":"Adress:","highlighted_text":"Amazing","rotating_text":"Pirganj Thakurgaon\ndivition: Rangpur","alignment":"left","title_color":"#2186FF","title_typography_typography":"custom","title_typography_font_family":"Poppins","title_typography_font_size":{"unit":"px","size":17,"sizes":[]},"title_typography_font_weight":"600","words_color":"#FF0654","words_typography_typography":"custom","words_typography_font_family":"Poppins","words_typography_font_weight":"600"},"elements":[],"isInner":false,"widgetType":"animated-headline","elType":"widget"},{"id":"2569eb3b","settings":{"headline_style":"rotate","animation_type":"clip","before_text":"Email :","highlighted_text":"Amazing","rotating_text":"freelancerhridoy@gamil.com","rotate_iteration_delay":3000,"alignment":"left","title_color":"#2186FF","title_typography_typography":"custom","title_typography_font_family":"Poppins","title_typography_font_size":{"unit":"px","size":12,"sizes":[]},"title_typography_font_weight":"600","text_stroke_text_stroke_type":"yes","text_stroke_text_stroke":{"unit":"px","size":0,"sizes":[]},"text_stroke_stroke_color":"","words_color":"#FF0654","words_typography_typography":"custom","words_typography_font_family":"Poppins","words_typography_font_weight":"600"},"elements":[],"isInner":false,"widgetType":"animated-headline","elType":"widget"},{"id":"7f325bb1","settings":{"headline_style":"rotate","animation_type":"drop-in","before_text":"WhatsApp: ","highlighted_text":"Amazing","rotating_text":"01700000000\n01700000001","alignment":"left","title_color":"#2186FF","title_typography_typography":"custom","title_typography_font_family":"Poppins","title_typography_font_size":{"unit":"px","size":12,"sizes":[]},"title_typography_font_weight":"600","text_stroke_text_stroke_type":"yes","text_stroke_text_stroke":{"unit":"px","size":0,"sizes":[]},"text_stroke_stroke_color":"","words_color":"#FF0654","words_typography_typography":"custom","words_typography_font_family":"Poppins","words_typography_font_weight":"600"},"elements":[],"isInner":false,"widgetType":"animated-headline","elType":"widget"},{"id":"239e848d","settings":{"headline_style":"rotate","animation_type":"drop-in","before_text":"Open:","highlighted_text":"Amazing","rotating_text":" 24 hours","alignment":"left","title_color":"#2186FF","title_typography_typography":"custom","title_typography_font_family":"Poppins","title_typography_font_size":{"unit":"px","size":12,"sizes":[]},"title_typography_font_weight":"600","text_stroke_text_stroke_type":"yes","text_stroke_text_stroke":{"unit":"px","size":0,"sizes":[]},"text_stroke_stroke_color":"","words_color":"#FF0654","words_typography_typography":"custom","words_typography_font_family":"Poppins","words_typography_font_weight":"600"},"elements":[],"isInner":false,"widgetType":"animated-headline","elType":"widget"}],"isInner":false,"elType":"container"},{"id":"d8639a7","settings":{"flex_direction":"column","content_width":"full","width":{"unit":"%","size":25},"width_tablet":{"unit":"%","size":100,"sizes":[]},"width_mobile":{"unit":"%","size":"","sizes":[]},"min_height":{"unit":"vh","size":30,"sizes":[]},"min_height_tablet":{"unit":"vh","size":"","sizes":[]},"min_height_mobile":{"unit":"vh","size":"","sizes":[]},"border_width":{"unit":"px","top":"0","right":"0","bottom":"0","left":"0","isLinked":false}},"elements":[{"id":"2f7a43ad","settings":{"title":"Services","title_color":"#000000","typography_typography":"custom","typography_font_family":"Poppins","typography_font_weight":"600"},"elements":[],"isInner":false,"widgetType":"heading","elType":"widget"},{"id":"30f3a877","settings":{"icon_list":[{"text":"Website Design & Development","selected_icon":{"value":"","library":""},"_id":"6c52a64"},{"text":"Woocommerce Website","selected_icon":{"value":"","library":""},"_id":"513526d"},{"text":"Landing Page Design","selected_icon":{"value":"","library":""},"_id":"f94e2d8"},{"text":"Email Template Design","selected_icon":{"value":"","library":""},"_id":"1ce5f29"}],"space_between":{"unit":"px","size":9,"sizes":[]},"divider":"yes","divider_style":"dashed","divider_width":{"unit":"%","size":100,"sizes":[]},"divider_color":"#2B0101","text_color":"#0074FF"},"elements":[],"isInner":false,"widgetType":"icon-list","elType":"widget"}],"isInner":false,"elType":"container"},{"id":"54e48a29","settings":{"flex_direction":"column","content_width":"full","width":{"unit":"%","size":25},"width_tablet":{"unit":"%","size":100,"sizes":[]},"width_mobile":{"unit":"%","size":"","sizes":[]},"min_height":{"unit":"vh","size":30,"sizes":[]},"min_height_tablet":{"unit":"vh","size":"","sizes":[]},"min_height_mobile":{"unit":"vh","size":"","sizes":[]},"border_width":{"unit":"px","top":"0","right":"0","bottom":"0","left":"0","isLinked":false},"padding_mobile":{"unit":"px","top":"0","right":"0","bottom":"63","left":"0","isLinked":false}},"elements":[{"id":"669b67ad","settings":{"title":"Get A Proposal","title_color":"#FF2B2B","typography_typography":"custom","typography_font_family":"Poppins","typography_font_weight":"600"},"elements":[],"isInner":false,"widgetType":"heading","elType":"widget"},{"id":"34ed49a4","settings":[],"elements":[],"isInner":false,"widgetType":"shortcode","elType":"widget"}],"isInner":false,"elType":"container"}],"isInner":false,"elType":"container"},{"id":"78866889","settings":{"flex_direction":"row","min_height":{"unit":"vh","size":11,"sizes":[]},"min_height_tablet":{"unit":"vh","size":"","sizes":[]},"min_height_mobile":{"unit":"vh","size":"","sizes":[]},"flex_justify_content":"center","flex_align_items":"center","background_background":"classic","background_color":"#05239E"},"elements":[{"id":"4a15a5ad","settings":{"title":"Copyright \u00a9 2022 Hridoy. All Rights Reserved.","header_size":"span","align":"center","title_color":"#FFFFFF"},"elements":[],"isInner":false,"widgetType":"heading","elType":"widget"}],"isInner":false,"elType":"container"}],"page_settings":[],"version":"0.4","title":"Custom footer","type":"footer"}